App_Name,App_ID,Sentence
com.google.android.apps.fitness,1,Get to a healthier and more active life with the new Google Fit!
com.google.android.apps.fitness,1,"It's hard to know how much or what kind of activity you need to stay healthy. That's why Google Fit collaborated with the World Health Organization (WHO) and the American Heart Association (AHA) to bring you Heart Points, an activity goal that can help improve your health."
com.google.android.apps.fitness,1,"Activities that get your heart pumping harder have tremendous health benefits for your heart and mind. You'll earn one Heart Point for each minute of moderate activity like picking up the pace when walking your dog, and double points for more intense activities like running. It takes just 30-minutes of brisk walking five days a week to reach the AHA and WHO's recommended amount of physical activity shown to reduce the risk of heart disease, improve sleep, and increase overall mental wellbeing."
com.google.android.apps.fitness,1,Google Fit will also help you:
com.google.android.apps.fitness,1,TRACK YOUR WORKOUTS FROM YOUR PHONE OR WATCH
com.google.android.apps.fitness,1,"Get instant insights when you exercise and see real-time stats for your runs, walks, and bike rides. Fit will use your Android phone's sensors or Wear OS by Google smartwatch's heart rate sensors to record your speed, pace, route, and more."
com.google.android.apps.fitness,1,MONITOR YOUR GOALS
com.google.android.apps.fitness,1,See your daily progress on your Heart Points and Steps goal. Meeting your goals all the time? Easily adjust your goals to keep challenging yourself to achieve a healthy heart and mind.
com.google.android.apps.fitness,1,MAKE ALL YOUR MOVEMENT COUNT
com.google.android.apps.fitness,1,"If you walk, run, or bike throughout the day, your Android phone or Wear OS by Google smartwatch will automatically detect and add your activities to your Google Fit journal to ensure you get credit for every move. Want extra credit? Turn up the tempo on your walks by starting a paced walking workout and stepping to the beat. Enjoy a different type of workout? Select it from a list of activities like pilates, rowing, or spinning, and Google Fit will track all the Heart Points you earn."
com.google.android.apps.fitness,1,CONNECT WITH YOUR FAVORITE APPS AND DEVICES
com.google.android.apps.fitness,1,"Fit can show you info from many of your favorite apps and devices to give you a holistic view of your health, so you'll never lose track of your progress. These include Lifesum, Wear OS by Google, Nike+, Runkeeper, Strava, MyFitnessPal, Basis, Sleep as Android, Withings, Xiaomi Mi bands, and more."
com.google.android.apps.fitness,1,"CHECK IN AT ANYTIME, FROM ANYWHERE"
com.google.android.apps.fitness,1,"See a snapshot of your activity history across Fit and your integrated apps in the redesigned journal. Or, get the full picture in browse, where you can find all of your health and wellness data."
com.google.android.apps.fitness,1,KEEP A FINGER ON THE PULSE OF YOUR HEALTH
com.google.android.apps.fitness,1,"Breathing is one of the simplest ways to reduce tension and relieve stress. With Fit, checking in with your breath is easy‚Äîall you need is your phone camera. As well as your respiratory rate, you can measure your heart rate to get a better understanding of your body‚Äôs wellbeing."
com.google.android.apps.fitness,1,Learn more about Google Fit and see a list of supported apps at: www.google.com/fit
homeworkout.homeworkouts.noequipment,2,"Home Workouts provides daily workout routines for all your main muscle groups. In just a few minutes a day, you can <b>build muscles and keep fitness at home</b> without having to go to the gym. <b>No equipment</b> or coach needed, all exercises can be performed with just your body weight."
homeworkout.homeworkouts.noequipment,2,"The app has workouts for your <b>abs, chest, legs, arms</b> and <b>butt</b> as well as full body workouts. All the workouts are designed by experts. None of them need equipment, so there's no need to go to the gym. Even though it just takes <b>a few minutes a day</b>, it can effectively tone your muscles and help you get six pack abs at home."
homeworkout.homeworkouts.noequipment,2,"The warm-up and stretching routines are designed to make sure you exercise in a scientific way. With <b>animations and video guidance</b> for each exercise, you can make sure you use the right form during each exercise."
homeworkout.homeworkouts.noequipment,2,"Stick with our home workouts, and you will notice a change in your body in just a few short weeks. üí™ üí™ üí™"
homeworkout.homeworkouts.noequipment,2,‚≠ê <b>Features</b> ‚≠ê
homeworkout.homeworkouts.noequipment,2,‚àö Warm-up and stretching routines
homeworkout.homeworkouts.noequipment,2,‚àö Records training progress automatically
homeworkout.homeworkouts.noequipment,2,‚àö The chart tracks your weight trends
homeworkout.homeworkouts.noequipment,2,‚àö Customize your workout reminders
homeworkout.homeworkouts.noequipment,2,‚àö Detailed video and animation guides
homeworkout.homeworkouts.noequipment,2,‚àö Lose weight with a personal trainer
homeworkout.homeworkouts.noequipment,2,‚àö Share with your friends on social media
homeworkout.homeworkouts.noequipment,2,Bodybuilding App
homeworkout.homeworkouts.noequipment,2,"Looking for a bodybuilding app? No satisfied bodybuilding app? Try our build muscle app! This build muscle app has effective muscle building workout, and all muscle building workout is designed by expert."
homeworkout.homeworkouts.noequipment,2,Strength Training App
homeworkout.homeworkouts.noequipment,2,"It's not only just a build muscle app, but also a strength training app. If you are still looking for muscle building workout, muscle building apps or strength training app, this muscle building apps is the best one you can find among the muscle building apps."
homeworkout.homeworkouts.noequipment,2,Fat Burning Workouts & HIIT Workouts
homeworkout.homeworkouts.noequipment,2,"The best fat burning workouts & hiit workouts for better body shape. Burn calories with fat burning workouts, and combine with hiit workouts to get the best results."
homeworkout.homeworkouts.noequipment,2,Home Workouts for Men
homeworkout.homeworkouts.noequipment,2,Want effective home workouts for men? We provide different home workouts for men to workout at home. The home workout for men is proven to help you get six pack abs in a short time. You'll find the home workout for men that most suitable for you. Try our home workout for men now!
homeworkout.homeworkouts.noequipment,2,Multiple Exercises
homeworkout.homeworkouts.noequipment,2,"Push ups, squats, sit ups, plank, crunch, wall sit, jumping jacks, punch, triceps dips, lunges..."
homeworkout.homeworkouts.noequipment,2,Fitness Coach
homeworkout.homeworkouts.noequipment,2,"The best fitness apps and workout apps. All sport and gym workout in this workout apps and fitness apps are designed by professional fitness coach. Sport and gym workout guide through the exercise, gym workout and sport, just like having a personal fitness coach in your pocket!"
women.workout.female.fitness,3,Move now! A better me is approaching!
women.workout.female.fitness,3,Get fit with the women workout - female fitness app! Sweat 7 mins a day to get a perfect bikini body!
women.workout.female.fitness,3,"Women Workout - Female Fitness helps you burn belly fat, tone butt, slim legs, trim waistline and get in shape. Follow the home workout to feel the burn. Keep fit and be a better me!"
women.workout.female.fitness,3,"Train your body, burn calories, lose weight, you will get a sexy body before you know it!"
women.workout.female.fitness,3,WHY CHOOSE THIS FITNESS FOR WEIGHT LOSS APP?
women.workout.female.fitness,3,‚àö Quick and effective workouts maximize fat burning
women.workout.female.fitness,3,‚àö Scientifically proven to lose weight and improve health
women.workout.female.fitness,3,"‚àö Bodyweight workouts, no equipment needed"
women.workout.female.fitness,3,‚àö Weight loss fitness workout for all your body parts
women.workout.female.fitness,3,‚àö Animation and video guidance just like your personal workout trainer
women.workout.female.fitness,3,‚àö No locked features
women.workout.female.fitness,3,‚àö Beginner friendly
women.workout.female.fitness,3,"‚àö Full body workout at home, buttocks workout, abs workout for women, leg workouts for women, fat loss workout, burn fat workout"
women.workout.female.fitness,3,‚àö Especially designed fitness for weight loss app for women
women.workout.female.fitness,3,‚àö Coach tips in every exercise help you use the right form to get better results
women.workout.female.fitness,3,‚àö Warm-up and stretching routines
women.workout.female.fitness,3,‚àö Track your weight loss progress
women.workout.female.fitness,3,‚àö Track your calories burned
women.workout.female.fitness,3,‚àö Suitable for both beginner and pro
women.workout.female.fitness,3,‚àö Lose weight with your personal trainer
women.workout.female.fitness,3,‚àö Sync data with Google Fit
women.workout.female.fitness,3,Short and effective may be one of the reasons that make this fitness for weight loss app stands out from hundreds of workout apps for women and weight loss apps for women. A better me is on the way!
women.workout.female.fitness,3,"More features coming soon, such as sync data with Fitbit, Samsung Health, MyFitnessPal..."
women.workout.female.fitness,3,Female Fitness App
women.workout.female.fitness,3,Keep fit and lose belly fat with workout for women. This female fitness app has professional lose belly fat workout and workout for women. All these lose belly fat workout and workout for women can be done anywhere at anytime.
women.workout.female.fitness,3,Workout at Home
women.workout.female.fitness,3,"Take a few minutes a day to keep fit and lose weight with our workout at home. No equipment needed, just use your bodyweight to workout at home."
women.workout.female.fitness,3,Fat Burning Workouts & Hiit Workouts
women.workout.female.fitness,3,"The fat burning workouts & hiit workouts for better body shape. Burn calories with fat burning workouts, and combine with hiit workouts to get better results."
women.workout.female.fitness,3,Fitness Coach
women.workout.female.fitness,3,"All workouts are designed by professional fitness coach. Workout guide through the exercise, just like having a personal fitness coach in your pocket!"
com.sec.android.app.shealth,4,Start healthy habits for yourself with Samsung Health.
com.sec.android.app.shealth,4,"Samsung Health has various features to help you manage your health. As the app allows you to automatically record many activities, creating a healthy lifestyle is easier and simpler than ever."
com.sec.android.app.shealth,4,Check various health records on the home screen. Easily add and edit the items that you want to manage such as daily steps and activity time.
com.sec.android.app.shealth,4,"Record and manage your fitness activities, such as running, cycling, swimming, etc. Also, Galaxy Watch wearables user can now exercise more effectively through Life Fitness, Technogym and Corehealth."
com.sec.android.app.shealth,4,Create healthy eating habits by recording your daily meals and snacks with Samsung Health.
com.sec.android.app.shealth,4,"Work hard and always maintain your best condition with Samsung Health. Set goals that work for your own level, and keep track of your daily condition including your activity amount, workout intensity, heart rate, stress, oxygen level in the blood, etc."
com.sec.android.app.shealth,4,Monitor your sleep patterns in more detail with Galaxy Watch. Make your mornings more refreshing by improving the quality of your sleep through sleep levels and sleep scores.
com.sec.android.app.shealth,4,Challenge yourself against your friends and family to become healthier in a more fun and interactive way with Samsung Health Together.
com.sec.android.app.shealth,4,"Samsung Health has prepared videos of expert coaches who will teach you new fitness programs including stretching, weight loss, and more."
com.sec.android.app.shealth,4,"Discover meditation tools on Mindfulness that will help you relieve stress throughout your day. (Some contents are only available through an optional paid subscription. Content is available in English, German, Spanish, French, Portuguese and Korean.)"
com.sec.android.app.shealth,4,"Women's health offers helpful support in menstrual cycle tracking, related symptom management and personalized insights and contents through your partner, Glow. The Galaxy and other wearables are now ready to support the women we love every step of their way."
com.sec.android.app.shealth,4,"Samsung Health protects your private health data securely. All Samsung Galaxy models released after August 2016, Knox enabled Samsung Health service will be available. Please note that Knox enabled Samsung Health service will not be available from rooted mobile."
com.sec.android.app.shealth,4,"Tablets and some mobile devices are not supported, and detailed features may vary depending on the user‚Äôs country of residence, region, network carrier, model of the device, etc."
com.sec.android.app.shealth,4,"Requires Android 8.0(Oreo) or later. Supports over 70 languages, including English, French, and Chinese. An English language version is available for the rest of the world."
com.sec.android.app.shealth,4,"Please note that Samsung Health is intended for fitness and wellness purposes only and is not intended for use in the diagnosis of disease or other conditions, or in the cure, mitigation, treatment, or prevention of disease."
com.sec.android.app.shealth,4,"The following permissions are required for the app service. For optional permissions, the default functionality of the service is turned on, but not allowed."
com.sec.android.app.shealth,4,Required permissions
com.sec.android.app.shealth,4,- Phone : Used to confirm your phone number for Together.
com.sec.android.app.shealth,4,Optional permissions
com.sec.android.app.shealth,4,"- Location : Used to collect your location data using the trackers(exercises & steps), Used to display a route map for exercise, and to display the weather during exercise"
com.sec.android.app.shealth,4,"- Body Sensors : Used to measure heart rate, oxygen saturation, and stress (HR&Stress : Galaxy S5~Galaxy S10 / SpO2 : Galaxy Note4~Galaxy S10)"
com.sec.android.app.shealth,4,"- Storage : You can import/export your exercise data, save exercise photos, save/load food photos"
com.sec.android.app.shealth,4,"- Contacts : Used to check if you are logged into your Samsung account, and to create a friend list for Together"
com.sec.android.app.shealth,4,"- Camera : Used to scan QR codes when you add friends using the Together, and to take photos of foods, and to recognize numbers on a blood glucose meter&blood pressure monitor(Available in some countries only)"
com.sec.android.app.shealth,4,- Physical activity : Used to count your steps and to detect workouts
com.sec.android.app.shealth,4,- Microphone : Used to record audio for snore detection
com.sec.android.app.shealth,4,"- Nearby devices : Used to scan for and connect to nearby devices, including Galaxy Watches and other accessories"
loseweightapp.loseweightappforwomen.womenworkoutathome,5,"The best lose weight app for women to burn fat and lose weight at home! With <b>simple and effective</b> fat burning workouts for women, you can <b>lose belly fat</b>, lose thigh and arm fat. Follow the 30-day plan and take just a few minutes a day to lose weight and get in better shape!"
loseweightapp.loseweightappforwomen.womenworkoutathome,5,"<b>2-7 min fast workouts</b> and HIIT workouts allow you to lose weight and keep fit anytime, anywhere. No excuse anymore!"
loseweightapp.loseweightappforwomen.womenworkoutathome,5,"You can <b>track burned calories</b> and weight loss progress in graphs. No gym, no equipment needed, just use your bodyweight to tone your full body and <b>get lean muscles</b>."
loseweightapp.loseweightappforwomen.womenworkoutathome,5,<b>4 Difficulty Levels</b>
loseweightapp.loseweightappforwomen.womenworkoutathome,5,"Designed by professional fitness coach, it has 4 levels for everyone, both beginner and pro. Different fat burning workouts every day, you can easily stick to it."
loseweightapp.loseweightappforwomen.womenworkoutathome,5,<b>Fast Workouts for Women</b>
loseweightapp.loseweightappforwomen.womenworkoutathome,5,"Fast workouts, with the duration from 2-7 min, are specially designed for people with a busy schedule. You can do them anywhere, office, bed, home, etc."
loseweightapp.loseweightappforwomen.womenworkoutathome,5,<b>Body Focus</b>
loseweightapp.loseweightappforwomen.womenworkoutathome,5,"Fat loss workouts cover all body parts that women care about, belly, thigh, arm, butt. Focus on your trouble zone, training smart and maximize your fat burning result."
loseweightapp.loseweightappforwomen.womenworkoutathome,5,<b>HIIT Workouts for Women</b>
loseweightapp.loseweightappforwomen.womenworkoutathome,5,"HIIT (high-intensity interval training), the super effective fat burning workouts with the after-burn effect, has been compressed into 2-7 min to help you lose weight anytime, anywhere."
loseweightapp.loseweightappforwomen.womenworkoutathome,5,<b>Workout at Home</b>
loseweightapp.loseweightappforwomen.womenworkoutathome,5,Workout routines for all your main muscle groups to shape your body. No gym and expensive fitness coach needed. Just perform the simple home workout and enjoy your fat burning result at home!
loseweightapp.loseweightappforwomen.womenworkoutathome,5,<b>Feature</b>
loseweightapp.loseweightappforwomen.womenworkoutathome,5,"- 4 difficulty levels, suitable for everyone, men, women, beginner and pro"
loseweightapp.loseweightappforwomen.womenworkoutathome,5,- Fast workouts
loseweightapp.loseweightappforwomen.womenworkoutathome,5,- Low impact workouts
loseweightapp.loseweightappforwomen.womenworkoutathome,5,- Customize your own workout routines
loseweightapp.loseweightappforwomen.womenworkoutathome,5,"- No equipment, no gym, bodyweight workout"
loseweightapp.loseweightappforwomen.womenworkoutathome,5,"- Fat loss workout, abs workout, thigh workout, leg workout, arm workout, tummy fat burning exercise for female"
loseweightapp.loseweightappforwomen.womenworkoutathome,5,- Workout reminder help you be more disciplined
loseweightapp.loseweightappforwomen.womenworkoutathome,5,- Sync workout and calorie data on Google Fit
loseweightapp.loseweightappforwomen.womenworkoutathome,5,- Track weight loss progress and burned calories
loseweightapp.loseweightappforwomen.womenworkoutathome,5,- Animations and video guidance
loseweightapp.loseweightappforwomen.womenworkoutathome,5,- Increases exercise intensity gradually
loseweightapp.loseweightappforwomen.womenworkoutathome,5,Women Workout at Home
loseweightapp.loseweightappforwomen.womenworkoutathome,5,Take a few minutes a day to blast fat with our sport and women workout at home. Workout at home for women just use your bodyweight to workout at home.
loseweightapp.loseweightappforwomen.womenworkoutathome,5,Women Fitness App
loseweightapp.loseweightappforwomen.womenworkoutathome,5,This women fitness app has lose belly fat workout and women workout. All lose belly fat workout and women workout are bodyweight workout.
loseweightapp.loseweightappforwomen.womenworkoutathome,5,Workout for Women
loseweightapp.loseweightappforwomen.womenworkoutathome,5,"Women fitness app has belly fat burning workouts, butt workout for women, arm workout for women, leg workout for women and core workout for women. The belly fat burning workouts, butt workout, arm workout, leg workout and core workout are easy and effective."
loseweightapp.loseweightappforwomen.womenworkoutathome,5,Fat Burning Workouts & HIIT Workouts
loseweightapp.loseweightappforwomen.womenworkoutathome,5,The best belly fat burning workouts for women & HIIT workouts for women. Combine fat burning workouts for women and HIIT workouts for women to get the best results.
loseweightapp.loseweightappforwomen.womenworkoutathome,5,Fitness Coach
loseweightapp.loseweightappforwomen.womenworkoutathome,5,"All sport, exercise, workouts are designed by professional fitness coach. Just like having a personal fitness coach in your pocket!"
loseweightapp.loseweightappforwomen.womenworkoutathome,5,Best Weight Loss Apps
loseweightapp.loseweightappforwomen.womenworkoutathome,5,Looking for fitness apps? Wanna lose weight fast? No satisfied weight loss apps? This app helps you lose weight fast. It's the best weight loss apps.
loseweightapp.loseweightappforwomen.womenworkoutathome,5,Workout at Home
loseweightapp.loseweightappforwomen.womenworkoutathome,5,Looking for a home exercise app to workout at home? No satisfied home exercise app? We provide you short & effective exercises in this home exercise app. Workout at home to lose weight!
loseweightapp.loseweightappforwomen.womenworkoutathome,5,Exercise at Home with Home Workout
loseweightapp.loseweightappforwomen.womenworkoutathome,5,Home workout allows you to exercise at home with your own body weight. Exercise at home with effective home workout and see changes in weeks!
loseweightapp.loseweightappforwomen.womenworkoutathome,5,Join the workout plan in Lose Weight for Women at Home and lose weight with the 30-day weight loss challenge. Lose weight for all levels just at home.
menloseweight.loseweightappformen.weightlossformen,6,"The best weight loss app for men to burn fat and lose weight <b>at home</b>! With super effective fat burning workouts, you can lose belly fat, eliminate <b>man boobs</b>, lose love handles. Follow the 30-day plan and take just <b>5-10 min</b> a day to lose weight and keep fit!"
menloseweight.loseweightappformen.weightlossformen,6,"<b>Low-impact option</b> provided, friendly to people who are overweight or have joint problems. No gym, <b>no equipment</b> needed, just use your bodyweight to lose fat and build muscles. You can <b>track burned calories</b> and weight loss progress in graphs."
menloseweight.loseweightappformen.weightlossformen,6,<b>3 Difficulty Levels</b>
menloseweight.loseweightappformen.weightlossformen,6,"It has 3 levels for everyone, both beginner and pro. Designed by professional fitness coach, it focuses on men‚Äôs trouble spots, abdomen, chest, helping you achieve fast weight loss and build abs. Different workouts every day, you can easily stick to it."
menloseweight.loseweightappformen.weightlossformen,6,<b>Low-impact Option</b>
menloseweight.loseweightappformen.weightlossformen,6,"With gentle and effective weight loss workouts, low-impact mode allows you to minimize the force placed on joints and reduce the risk of injury."
menloseweight.loseweightappformen.weightlossformen,6,<b>Get Rid of Men Boobs</b>
menloseweight.loseweightappformen.weightlossformen,6,Pulling T-shirt again and again because of man boobs? Targeted chest workouts help you lose chest fat and eliminate embarrassing man boobs.
menloseweight.loseweightappformen.weightlossformen,6,<b>Lose Belly Fat</b>
menloseweight.loseweightappformen.weightlossformen,6,"Because of testosterone, men are more likely to store fat in midsection. Combine the best abs workout, you'll lose stubborn belly fat even faster."
menloseweight.loseweightappformen.weightlossformen,6,<b>Customize Training</b>
menloseweight.loseweightappformen.weightlossformen,6,"Create your own workout routines from 30+ workouts. If your knee or back is injured, don't worry, replace unwanted exercises. You can also adjust the exercise order and rest time. To achieve optimal results, we recommend you to maintain a low-calorie diet."
menloseweight.loseweightappformen.weightlossformen,6,<b>Feature</b>
menloseweight.loseweightappformen.weightlossformen,6,"- 3 difficulty levels, suitable for everyone, men, women, beginner and pro"
menloseweight.loseweightappformen.weightlossformen,6,- Low impact workouts
menloseweight.loseweightappformen.weightlossformen,6,- Customize your own workout routines
menloseweight.loseweightappformen.weightlossformen,6,"- No equipment, no gym, bodyweight workout"
menloseweight.loseweightappformen.weightlossformen,6,"- Fat loss workout, abs workout, chest workout, leg workout, arm workout"
menloseweight.loseweightappformen.weightlossformen,6,- Workout reminder help you be more disciplined
menloseweight.loseweightappformen.weightlossformen,6,- Sync workout and calorie data on Google Fit
menloseweight.loseweightappformen.weightlossformen,6,- Track weight loss progress and burned calories
menloseweight.loseweightappformen.weightlossformen,6,- Animations and video guidance
menloseweight.loseweightappformen.weightlossformen,6,- Increases exercise intensity gradually
menloseweight.loseweightappformen.weightlossformen,6,- Sync data with Google Fit
menloseweight.loseweightappformen.weightlossformen,6,"More features coming soon, such as sync data with Fitbit, Samsung Health, MyFitnessPal..."
menloseweight.loseweightappformen.weightlossformen,6,Best Weight Loss Apps
menloseweight.loseweightappformen.weightlossformen,6,Looking for fitness apps and workout apps? Want to lose weight fast? No satisfied weight loss apps and workout apps? Workout apps help you lose weight fast. It's the best weight loss apps.
menloseweight.loseweightappformen.weightlossformen,6,Workout at Home
menloseweight.loseweightappformen.weightlossformen,6,"Take a few minutes a day to keep fit and lose weight with our sport and workout at home. No equipment needed, just use your bodyweight to workout at home."
menloseweight.loseweightappformen.weightlossformen,6,Fitness Apps
menloseweight.loseweightappformen.weightlossformen,6,Keep fit and lose belly fat with weight loss apps. This fitness apps has professional lose belly fat workout. All these lose belly fat workout can be done anywhere at anytime.
menloseweight.loseweightappformen.weightlossformen,6,Belly Fat Burning Workouts for Men
menloseweight.loseweightappformen.weightlossformen,6,"This fitness apps has belly fat burning workouts for men, fat loss workout, core workout. These belly fat burning workouts for men, fat loss workout, core workout proved to help tone your body."
menloseweight.loseweightappformen.weightlossformen,6,Fat Burning Workouts & HIIT Workouts
menloseweight.loseweightappformen.weightlossformen,6,"The best weight loss apps, fat burning workouts & HIIT workouts for better body shape. Burn calories with fat burning workouts, and combine with HIIT workouts to get the best results."
menloseweight.loseweightappformen.weightlossformen,6,Fitness Coach
menloseweight.loseweightappformen.weightlossformen,6,"All sport & workouts are designed by professional fitness coach. Workout guide through the sport & exercise, just like having a personal fitness coach in your pocket!"
menloseweight.loseweightappformen.weightlossformen,6,Home Workout for Men
menloseweight.loseweightappformen.weightlossformen,6,Home workout for men for all your main muscle groups. Just perform the simple home workout for men and fat loss workout to enjoy your fat burning result at home!
menloseweight.loseweightappformen.weightlossformen,6,Exercise at Home with Home Workout
menloseweight.loseweightappformen.weightlossformen,6,"No need to go to the gym, home workout allows you to exercise at home with your own body weight. Exercise at home with effective home workout now and see great changes in a few weeks!"
menloseweight.loseweightappformen.weightlossformen,6,Home Exercise
menloseweight.loseweightappformen.weightlossformen,6,Looking for an effective home exercise app? We provide you short & effective exercises in this home exercise app. Workout at home to lose weight now!
com.myfitnesspal.android,7,"Track progress toward your nutrition, water, fitness, and weight loss goals with MyFitnessPal. This all-in-one food tracker and health app is like having a nutrition coach, intermittent fasting tracker, meal planner, and food diary with you at all times."
com.myfitnesspal.android,7,MyFitnessPal isn‚Äôt another restrictive diet app. This is a health app to help you learn about your habits ‚Ä¶ see how you eat ‚Ä¶ make smarter food choices ‚Ä¶ find motivation & support ... and conquer your health goals.
com.myfitnesspal.android,7,"Download and start your free 30-day Premium trial to access exclusive food tracking, intermittent fasting timers, and fitness logging tools and expert guidance. You‚Äôll soon discover why MyFitnessPal is the #1 food and nutrition tracker in the U.S., a GQ 2020 Fitness Awards ‚ÄúBest Fitness App,‚Äù and has been featured in the New York Times, Wall Street Journal, the Today Show, and U.S. News & World Report."
com.myfitnesspal.android,7,SO MUCH MORE THAN A CALORIE TRACKER & FOOD JOURNAL
com.myfitnesspal.android,7,"It‚Äôs like having a dietitian, personal trainer, and nutrition coach at your fingertips."
com.myfitnesspal.android,7,Log Food ‚Äì Easy-to-use tools make food tracking quick and simple
com.myfitnesspal.android,7,Track Fasts ‚Äì Time your fasting periods and keep track of your progress
com.myfitnesspal.android,7,Record Activity ‚Äì Add workouts and steps with the fitness tracker
com.myfitnesspal.android,7,"Customize Your Goals ‚Äì Weight loss, weight gain, weight maintenance, nutrition & fitness"
com.myfitnesspal.android,7,"See Your Progress ‚Äì Track at a glance, or analyze nutrition & calories in detail"
com.myfitnesspal.android,7,"Learn From a Registered Dietitian ‚Äì Meal Plans customized for your target calories, whether you want to lose or gain weight‚Äîwith access to our Meal Planner tool"
com.myfitnesspal.android,7,"Track Glucose ‚Äì Sync to see your glucose levels, available on Android for members with select continuous glucose monitors"
com.myfitnesspal.android,7,Stay Inspired ‚Äì 500+ healthy goal-focused recipes and 50 workouts keep routines fresh and fun
com.myfitnesspal.android,7,Connect With Community ‚Äì Find friends and motivation in our active forums
com.myfitnesspal.android,7,A CLOSER LOOK AT FEATURES & BENEFITS
com.myfitnesspal.android,7,Gain Valuable Insights Through Food Logging
com.myfitnesspal.android,7,"Discover which foods fuel you best. It‚Äôs not just a diet app, calorie counter to lose weight, or a faster way to fat loss‚Äîit‚Äôs about holding yourself accountable and understanding what you put in your body."
com.myfitnesspal.android,7,One of the Largest Food Databases ‚Äì Track calories in over 14 million foods (including restaurant dishes)
com.myfitnesspal.android,7,New Intermittent Fasting Tracker ‚Äì Time your fasts and keep a diary of your progress
com.myfitnesspal.android,7,"Fast & Easy Food Tracker Tools ‚Äì Type to search, add foods from your history, or quick-add calories"
com.myfitnesspal.android,7,Bar Code & Meal Scan: Log store-bought foods and entire meals using your phone‚Äôs camera
com.myfitnesspal.android,7,Calorie Tracker ‚Äì Automatically count calories and see your daily progress
com.myfitnesspal.android,7,"Macro Tracker ‚Äì See carbs, fat & protein breakdown by gram or percentage‚Äîno need for a separate carb tracker or keto diet app!"
com.myfitnesspal.android,7,"Nutrition Tracker and Insights ‚Äì Analyze nutrition intake and set specific goals for macros, cholesterol, sodium, fiber & more"
com.myfitnesspal.android,7,"Custom Goals ‚Äì Track calories by meal or day, set up macro goals & more"
com.myfitnesspal.android,7,Personalized Dashboards ‚Äì Pick stats you want to see at a glance
com.myfitnesspal.android,7,"Net Carbs Mode/Carb Tracker ‚Äì To simplify a low carb or keto diet, view net (not total) carbs"
com.myfitnesspal.android,7,Protein Counter ‚Äì Set your protein goals and track how much you eat during the day
com.myfitnesspal.android,7,Add Your Own Foods/Meal Tracker ‚Äì Save recipes and meals for quick logging
com.myfitnesspal.android,7,"Connect 50+ Apps & Devices ‚Äì From fitness tracker and smartwatch apps, including the Health app"
com.myfitnesspal.android,7,"Track With Apple Watch ‚Äì A calorie tracker, water tracker, and macro tracker on your watch face."
com.myfitnesspal.android,7,SUBSCRIPTION PRICING & TERMS
com.myfitnesspal.android,7,"MyFitnessPal is free to download and use. If you upgrade to MyFitnessPal Premium, we offer monthly & annual auto-renewing subscriptions."
com.myfitnesspal.android,7,"Payment is charged to your credit card through your iTunes account at confirmation of purchase. Subscription renews automatically unless you turn off auto-renewal in iTunes Account Settings after purchase, or cancel your subscription at least 24 hours prior to the end of the subscription period."
com.myfitnesspal.android,7,View our full terms & conditions and privacy policy: https://www.myfitnesspal.com/privacy-and-terms
com.fiton.android,8,"Lose weight, sweat, and get fit anytime, anywhere with free home exercise workout videos, personalized fitness plans and guided meditations. Get fit with workouts you can do at home, outside, or in the gym."
com.fiton.android,8,"Reduce stress with a calming yoga practice, increase your fitness with a fun cardio workout, and feel good with hundreds of other free fitness videos."
com.fiton.android,8,Find fitness plans and home workouts that you can also enjoy outside or even in the gym. Get your sweat on with celebrity trainers like Jeanette Jenkins or Cassey Ho (of Blogilates) and read advice articles on how to take care of yourself both mentally and physically.
com.fiton.android,8,"Achieve personalized health and fitness goals with unlimited access to the best home workouts and exercise videos. From cardio to strength training to HIIT, yoga, Pilates, Barre, and much more - you‚Äôre guaranteed to get your sweat on and find a class you love. Plus, you‚Äôll get to work out with top celebrity trainers like Cassey Ho (of Blogilates), Jeanette Jenkins, Katie Dunlop, Christine Bullock, Kenta Seki, Danielle Pascente, and many more."
com.fiton.android,8,"Plus, access EXCLUSIVE workout videos led by Gabrielle Union, Julianne Hough, and Jonathan Van Ness."
com.fiton.android,8,"Also, reduce stress, get better sleep, improve breathing, relax your body and rejuvenate your mind with short and effective meditations."
com.fiton.android,8,"CARDIO HIIT, YOGA, PILATES, BARRE & MORE! HOME WORKOUTS JUST FOR YOU"
com.fiton.android,8,"‚Ä¢ Quick & effective fitness videos from celebrity trainers like Jeanette Jenkins, Cassey Ho (of Blogilates), and many more!"
com.fiton.android,8,"‚Ä¢ Exclusive workouts with Gabrielle Union, Julianne Hough, & JVN"
com.fiton.android,8,"‚Ä¢ No gym? No problem. Turn your home into a fitness studio with your phone, laptop or TV"
com.fiton.android,8,PERSONALIZED FITNESS PLANS & EXERCISE VIDEOS
com.fiton.android,8,‚Ä¢ Reach your goals with personalized workout plans
com.fiton.android,8,"‚Ä¢ Lose weight, build muscle, increase your cardio endurance, get fit or reduce stress with plans that work for you"
com.fiton.android,8,FITNESS VIDEOS FOR EVERYONE
com.fiton.android,8,"‚Ä¢ Enjoy cardio, HIIT, yoga, Pilates, Barre, strength, dance, and more"
com.fiton.android,8,"‚Ä¢ Browse by workout category, body part, length and intensity"
com.fiton.android,8,‚Ä¢ Short on time? We‚Äôve got quick HIIT 10-minute workouts so you can get your workout in fast!
com.fiton.android,8,"‚Ä¢ Workout anytime on-demand, join a live class, and get ready to sweat!"
com.fiton.android,8,GUIDED MEDITATIONS
com.fiton.android,8,‚Ä¢ Calming meditations to help reduce stress and anxiety
com.fiton.android,8,‚Ä¢ Guidance toward improved breathing
com.fiton.android,8,‚Ä¢ Increased relaxation for better sleep
com.fiton.android,8,STAY MOTIVATED & STAY FIT WITH EXERCISE VIDEOS
com.fiton.android,8,‚Ä¢ Join the live leaderboard for friendly competition
com.fiton.android,8,‚Ä¢ Track your progress and share with friends
com.fiton.android,8,‚Ä¢ Real-time text messaging with friends or workout partners
com.fiton.android,8,"Plus, you can access workouts online from your TV or computer: https://app.fitonapp.com"
com.fiton.android,8,"Find fitness plans that work for you. Short, fun and effective, the best workouts, from the best personal trainers. Always on."
com.fiton.android,8,"Barre, pilates, and so many more exciting fitness videos, plus guided meditations! Download FitOn and start your new fitness routine today!"
sixpack.sixpackabs.absworkout,9,"Want to lose belly fat and get <b>six pack abs</b> for the summer? Start sculpting your abs with this super effective abs workout app. Workouts are suitable for all levels, and you can easily do them <b>at home</b> or anywhere, anytime. Just a few minutes a day to get the abs you have been dreaming of!"
sixpack.sixpackabs.absworkout,9,üí™ <b>Workout Plan with Different Levels</b>
sixpack.sixpackabs.absworkout,9,"Lose Belly Fat, Rock Hard Abs and Six Pack Abs - these 3 levels of workout plans help you lose belly fat and build abdominal muscles step by step. Whether you are a beginner or a pro, you can find workouts that are suitable for you. Different exercises are prepared every day to keep it fresh and exciting."
sixpack.sixpackabs.absworkout,9,üèÜ <b>30 Days of Workout Routines</b>
sixpack.sixpackabs.absworkout,9,"Amazing results will be achieved earlier once you set a clear goal. 6 Pack Abs - Abs Workout helps you set exercise goals by providing systematic and scientific 30-day workout routines. The exercises can help you burn belly fat as well as tone your abs. Exercise intensity increases gradually, so you can easily make exercising a daily habit."
sixpack.sixpackabs.absworkout,9,üè† <b>Your Personal Trainer at Home</b>
sixpack.sixpackabs.absworkout,9,"Is hiring a personal trainer too expensive? Have no time to go to the gym? 6 Pack Abs - Abs Workout is your personal trainer at home. Based on the high-intensity circuit training principle, these workouts are as effective as gym workouts."
sixpack.sixpackabs.absworkout,9,üé• <b>Animations and Video Guides</b>
sixpack.sixpackabs.absworkout,9,"6 Pack Abs - Abs Workout has been scientifically proven to help strengthen all your abdominal muscles. With animations and video guides, you can make sure you perform each exercise safely and effectively."
sixpack.sixpackabs.absworkout,9,‚≠ê Features
sixpack.sixpackabs.absworkout,9,- 30-day workout routines for six pack abs and a stronger body
sixpack.sixpackabs.absworkout,9,- Amazing training for weight management and muscle building
sixpack.sixpackabs.absworkout,9,- Exercise intensity increases step by step
sixpack.sixpackabs.absworkout,9,- Customize¬†your¬†workout¬†reminders
sixpack.sixpackabs.absworkout,9,- Records¬†training¬†progress¬†automatically
sixpack.sixpackabs.absworkout,9,"- Suitable for everyone, beginners, pro, men, women, teens and seniors"
sixpack.sixpackabs.absworkout,9,üè° Workout at Home
sixpack.sixpackabs.absworkout,9,"Take a few minutes a day to get six pack abs with our workout at home. No equipment needed, just use your bodyweight to workout at home."
sixpack.sixpackabs.absworkout,9,üî• Belly Fat Burning
sixpack.sixpackabs.absworkout,9,"This app has belly fat burning workouts, core workout, lose belly fat workout. These belly fat burning workouts, core workout, lose belly fat workout proved to help build abdominal muscles. Sweat with our core workout and lose belly fat workout!"
sixpack.sixpackabs.absworkout,9,üëåHome Workout No Equipment
sixpack.sixpackabs.absworkout,9,"You can use this home workout app anywhere, because all of these home workout no equipment needed."
sixpack.sixpackabs.absworkout,9,üòé Home Workouts for Men
sixpack.sixpackabs.absworkout,9,Want effective home workouts for men? We provide different home workouts for men. The home workout for men is proven to help you get six pack abs in a short time. You'll find the home workout for men that most suitable for you. Try our home workout for men now!
sixpack.sixpackabs.absworkout,9,üí¶ Fat Burning Workouts & Hiit Workouts
sixpack.sixpackabs.absworkout,9,"The best fat burning workouts & hiit workouts for better body shape. Burn calories with fat burning workouts, and combine with hiit workouts to get the best results."
sixpack.sixpackabs.absworkout,9,üóì Fitness Coach
sixpack.sixpackabs.absworkout,9,"All workouts are designed by professional fitness coach. Workout guide through the exercise, just like having a personal fitness coach in your pocket!"
com.hiitandtabata.android,10,"This app will empower you to do your HIIT work out better than before, track your time, sets and cycles."
com.hiitandtabata.android,10,"Work out at the beach, during your lunch breaks, gym, parks or even at home."
com.hiitandtabata.android,10,"Make every second count with workouts prepared by our team of professionals. Exercise anytime, anywhere."
com.hiitandtabata.android,10,We also offer the option to record your workouts on the Apple Health App if you allow us to do so by using HealthKit.
com.hiitandtabata.android,10,SUBSCRIPTIONS:
com.hiitandtabata.android,10,"The download of HIIT & Tabata is free. Get all available workouts within the app as part of the monthly subscription. If you opt for the subscription, you pay the fixed price for your country which is displayed in the app. The subscription will be renewed automatically if it is not canceled within at least 24 hours before the end of the current subscription period. You can disable the automatic renewal via the Play Store account settings at any time."
com.hiitandtabata.android,10,FOR MORE INFORMATION:
com.hiitandtabata.android,10,Terms of Service: https://hiitandtabata.com/termsOfService.html
com.hiitandtabata.android,10,Privacy Policy: https://hiitandtabata.com/privacy.html
com.hiitandtabata.android,10,Be on time. Be fit.
